product_id,category,style,color,price_tier,price,season,in_stock
1,Shirts,Vintage,Blue,Budget,19,Winter,True
2,Shirts,Bohemian,Gray,Budget,15,Spring,True
3,Pants,Minimalist,Gray,Budget,25,All-season,True
4,Dresses,Minimalist,Blue,Premium,116,All-season,True
5,Pants,Minimalist,Black,Budget,11,Summer,True
6,Accessories,Bohemian,Black,Budget,25,Fall,True
7,Jackets,Bohemian,Gray,Premium,133,Summer,True
8,Dresses,Casual,Gray,Mid-range,71,Fall,True
9,Shoes,Vintage,Yellow,Budget,16,Spring,True
10,Shoes,Bohemian,Green,Budget,27,Fall,True
11,Pants,Formal,Yellow,Mid-range,32,All-season,True
12,Dresses,Vintage,Red,Mid-range,57,Winter,True
13,Pants,Sporty,Red,Mid-range,55,Spring,False
14,Shirts,Bohemian,Purple,Mid-range,41,Winter,True
15,Pants,Sporty,Red,Mid-range,70,Winter,True
16,Shoes,Vintage,Pink,Budget,18,Winter,True
17,Dresses,Casual,Brown,Mid-range,63,All-season,True
18,Dresses,Minimalist,White,Mid-range,41,All-season,True
19,Accessories,Sporty,Green,Premium,129,Winter,True
20,Accessories,Bohemian,Gray,Mid-range,69,Summer,True
21,Accessories,Formal,Brown,Mid-range,51,All-season,True
22,Jackets,Minimalist,Yellow,Premium,159,Fall,True
23,Pants,Vintage,White,Mid-range,47,Fall,True
24,Dresses,Casual,Gray,Premium,170,Winter,True
25,Shoes,Casual,Green,Budget,28,All-season,True
26,Jackets,Bohemian,Red,Premium,190,All-season,True
27,Accessories,Formal,White,Budget,13,Fall,True
28,Accessories,Casual,Gray,Premium,123,All-season,True
29,Pants,Bohemian,Black,Mid-range,76,Winter,True
30,Pants,Sporty,Green,Premium,122,Winter,True
31,Shirts,Sporty,Yellow,Budget,18,All-season,True
32,Dresses,Casual,Brown,Premium,168,Winter,True
33,Accessories,Bohemian,Red,Mid-range,67,Spring,True
34,Shoes,Minimalist,Blue,Budget,29,Spring,True
35,Dresses,Formal,White,Budget,12,Fall,True
36,Accessories,Vintage,Pink,Premium,173,Winter,True
37,Jackets,Bohemian,Brown,Mid-range,75,All-season,True
38,Dresses,Vintage,Red,Budget,25,Fall,True
39,Dresses,Bohemian,Purple,Premium,148,All-season,True
40,Accessories,Bohemian,Gray,Budget,29,All-season,True
41,Jackets,Minimalist,Black,Budget,21,Fall,True
42,Jackets,Formal,Red,Premium,87,Fall,True
43,Dresses,Bohemian,Red,Budget,24,Fall,True
44,Dresses,Vintage,Green,Budget,25,Spring,True
45,Shoes,Vintage,Green,Budget,17,Winter,True
46,Dresses,Sporty,Red,Mid-range,56,All-season,True
47,Jackets,Casual,Gray,Budget,23,Spring,True
48,Shoes,Casual,White,Mid-range,53,Spring,True
49,Accessories,Casual,Purple,Budget,12,Spring,True
50,Accessories,Bohemian,Purple,Budget,23,Fall,False
51,Accessories,Vintage,Blue,Budget,10,Winter,True
52,Jackets,Sporty,Purple,Mid-range,59,Summer,True
53,Pants,Bohemian,Pink,Premium,165,All-season,True
54,Shirts,Sporty,Green,Budget,14,Spring,True
55,Jackets,Sporty,Red,Mid-range,46,All-season,False
56,Dresses,Casual,Red,Budget,10,Spring,True
57,Jackets,Vintage,Yellow,Premium,197,All-season,True
58,Shoes,Bohemian,Black,Mid-range,51,All-season,False
59,Dresses,Formal,Purple,Premium,118,All-season,True
60,Accessories,Casual,Green,Premium,99,All-season,True
61,Jackets,Minimalist,Pink,Budget,15,Summer,True
62,Shirts,Vintage,Red,Budget,17,Spring,False
63,Accessories,Vintage,Black,Mid-range,66,Spring,True
64,Jackets,Bohemian,Red,Premium,113,Winter,True
65,Jackets,Bohemian,Yellow,Premium,186,Winter,True
66,Jackets,Minimalist,Pink,Budget,21,All-season,True
67,Shoes,Casual,Green,Budget,19,Winter,True
68,Pants,Sporty,Pink,Premium,132,Winter,True
69,Accessories,Casual,Purple,Mid-range,72,All-season,False
70,Accessories,Bohemian,Brown,Premium,120,Winter,True
71,Shoes,Vintage,White,Budget,20,All-season,True
72,Accessories,Casual,Red,Budget,27,Fall,True
73,Jackets,Casual,Black,Mid-range,52,Summer,True
74,Accessories,Vintage,Blue,Budget,15,Winter,True
75,Accessories,Vintage,Green,Budget,26,Spring,True
76,Pants,Bohemian,Gray,Premium,89,Winter,True
77,Shoes,Vintage,Brown,Mid-range,39,Winter,True
78,Accessories,Bohemian,Black,Mid-range,48,Winter,True
79,Accessories,Minimalist,Green,Budget,20,Winter,True
80,Dresses,Formal,Red,Premium,175,All-season,True
81,Pants,Vintage,Yellow,Mid-range,51,All-season,True
82,Accessories,Minimalist,Blue,Premium,146,Fall,True
83,Dresses,Formal,Purple,Mid-range,66,Winter,True
84,Shirts,Casual,White,Budget,25,Spring,True
85,Jackets,Bohemian,Blue,Premium,123,Summer,True
86,Accessories,Sporty,Red,Budget,25,Summer,True
87,Dresses,Vintage,Yellow,Budget,29,Fall,True
88,Pants,Vintage,Yellow,Budget,27,Fall,False
89,Pants,Sporty,Pink,Budget,16,Summer,True
90,Shirts,Sporty,Blue,Budget,29,All-season,True
91,Dresses,Casual,Yellow,Mid-range,48,Winter,True
92,Accessories,Formal,Black,Mid-range,69,Spring,True
93,Dresses,Sporty,Gray,Budget,12,Winter,False
94,Jackets,Vintage,Black,Premium,89,Spring,True
95,Jackets,Bohemian,Yellow,Budget,17,All-season,True
96,Jackets,Formal,Gray,Premium,178,Summer,True
97,Shirts,Sporty,Green,Premium,115,Spring,True
98,Pants,Sporty,Black,Premium,123,Winter,True
99,Shirts,Sporty,Purple,Budget,20,All-season,True
100,Pants,Sporty,Purple,Budget,23,Winter,True
101,Dresses,Bohemian,Green,Budget,12,Summer,True
102,Jackets,Casual,Red,Mid-range,34,Fall,False
103,Dresses,Formal,Green,Budget,26,Winter,False
104,Pants,Vintage,Red,Budget,25,All-season,True
105,Shirts,Sporty,Gray,Mid-range,50,Spring,True
106,Accessories,Minimalist,Brown,Budget,16,Fall,True
107,Jackets,Minimalist,Green,Budget,14,Spring,True
108,Shoes,Sporty,Gray,Premium,195,Summer,True
109,Accessories,Vintage,Purple,Budget,19,Fall,True
110,Dresses,Formal,Green,Premium,111,Summer,True
111,Jackets,Sporty,Purple,Budget,24,Summer,True
112,Accessories,Bohemian,Blue,Mid-range,35,Winter,True
113,Shoes,Minimalist,Purple,Premium,197,All-season,True
114,Pants,Sporty,Pink,Mid-range,56,Winter,True
115,Jackets,Sporty,Green,Mid-range,36,Fall,True
116,Shoes,Minimalist,Purple,Budget,15,Summer,True
117,Accessories,Bohemian,Yellow,Premium,132,Fall,True
118,Dresses,Minimalist,White,Premium,182,All-season,True
119,Shoes,Bohemian,Black,Budget,22,Summer,True
120,Accessories,Casual,White,Budget,27,All-season,False
121,Pants,Minimalist,Brown,Mid-range,39,All-season,True
122,Accessories,Casual,Brown,Premium,157,All-season,True
123,Jackets,Minimalist,Brown,Mid-range,55,Winter,True
124,Shoes,Bohemian,Purple,Mid-range,58,Summer,False
125,Accessories,Sporty,White,Budget,20,Summer,True
126,Dresses,Formal,Black,Premium,168,Spring,False
127,Jackets,Formal,Purple,Mid-range,73,Spring,True
128,Jackets,Minimalist,White,Budget,21,Winter,True
129,Shirts,Minimalist,Black,Budget,21,Spring,True
130,Shoes,Vintage,Red,Mid-range,77,Fall,True
131,Accessories,Sporty,Brown,Budget,27,Summer,True
132,Shoes,Minimalist,Gray,Budget,26,Spring,False
133,Jackets,Casual,Blue,Budget,14,Spring,True
134,Shoes,Vintage,Black,Budget,23,Spring,True
135,Jackets,Vintage,Red,Mid-range,35,Summer,True
136,Accessories,Casual,White,Mid-range,65,Winter,True
137,Shoes,Minimalist,Pink,Budget,28,All-season,False
138,Jackets,Formal,Red,Budget,11,All-season,True
139,Pants,Formal,Yellow,Premium,129,Summer,True
140,Jackets,Vintage,Brown,Mid-range,54,Spring,True
141,Accessories,Casual,Pink,Budget,20,Spring,True
142,Shirts,Minimalist,Red,Budget,21,Winter,True
143,Accessories,Sporty,Brown,Mid-range,45,Summer,True
144,Jackets,Sporty,Blue,Premium,129,All-season,True
145,Shirts,Bohemian,Blue,Mid-range,33,Winter,True
146,Jackets,Bohemian,Green,Mid-range,69,All-season,True
147,Accessories,Formal,Black,Mid-range,63,Spring,True
148,Shirts,Sporty,Brown,Mid-range,52,Spring,True
149,Shoes,Casual,Brown,Mid-range,30,All-season,True
150,Shoes,Vintage,Yellow,Premium,189,Fall,True
151,Dresses,Vintage,Blue,Budget,13,Winter,True
152,Dresses,Casual,White,Mid-range,67,All-season,True
153,Jackets,Formal,Gray,Budget,18,All-season,True
154,Accessories,Formal,Yellow,Premium,92,Winter,True
155,Shoes,Bohemian,Yellow,Mid-range,77,Winter,True
156,Shoes,Formal,Green,Mid-range,65,Summer,True
157,Pants,Vintage,White,Premium,119,Spring,True
158,Shoes,Minimalist,Pink,Mid-range,44,All-season,True
159,Jackets,Minimalist,White,Budget,21,Fall,True
160,Pants,Casual,Green,Budget,28,Summer,True
161,Shirts,Casual,Pink,Mid-range,74,Summer,True
162,Pants,Bohemian,Green,Mid-range,34,Winter,True
163,Accessories,Sporty,White,Budget,19,All-season,True
164,Jackets,Casual,Pink,Mid-range,63,Winter,True
165,Pants,Minimalist,White,Premium,188,Spring,True
166,Shirts,Bohemian,Pink,Mid-range,41,Fall,True
167,Dresses,Minimalist,Blue,Mid-range,73,Summer,True
168,Shoes,Casual,Pink,Premium,144,All-season,True
169,Dresses,Formal,Purple,Premium,160,Spring,True
170,Jackets,Minimalist,Red,Budget,10,Fall,True
171,Pants,Bohemian,White,Premium,153,Summer,True
172,Pants,Formal,Green,Mid-range,32,Spring,True
173,Pants,Formal,Pink,Mid-range,73,Summer,True
174,Shirts,Sporty,Gray,Budget,26,Winter,True
175,Shirts,Minimalist,White,Premium,157,Spring,False
176,Accessories,Formal,Black,Mid-range,37,Spring,True
177,Jackets,Minimalist,Green,Budget,20,Spring,True
178,Dresses,Bohemian,Gray,Mid-range,77,All-season,True
179,Shirts,Casual,Brown,Budget,26,Summer,True
180,Dresses,Bohemian,Green,Budget,10,Spring,True
181,Jackets,Sporty,Red,Premium,85,Fall,True
182,Shoes,Sporty,Blue,Mid-range,39,Winter,True
183,Shoes,Vintage,Black,Budget,27,Fall,True
184,Dresses,Vintage,Yellow,Premium,184,Spring,True
185,Dresses,Vintage,Yellow,Mid-range,48,All-season,True
186,Pants,Vintage,Red,Mid-range,65,Fall,False
187,Jackets,Vintage,Yellow,Mid-range,56,Spring,True
188,Dresses,Vintage,Red,Premium,127,Fall,True
189,Dresses,Minimalist,Red,Budget,21,Summer,True
190,Dresses,Minimalist,Green,Budget,23,All-season,True
191,Shirts,Vintage,Purple,Mid-range,52,Winter,True
192,Shoes,Vintage,Gray,Budget,28,Fall,True
193,Shoes,Sporty,Pink,Mid-range,32,Summer,True
194,Shirts,Vintage,Green,Premium,93,Summer,True
195,Accessories,Minimalist,Green,Premium,83,Winter,True
196,Shirts,Sporty,Yellow,Premium,179,All-season,True
197,Shirts,Formal,Brown,Mid-range,43,Winter,True
198,Pants,Sporty,White,Mid-range,75,Summer,True
199,Shoes,Casual,Green,Premium,181,Fall,False
200,Jackets,Casual,Red,Mid-range,50,Fall,True
201,Accessories,Minimalist,Gray,Mid-range,51,Spring,True
202,Jackets,Bohemian,Yellow,Mid-range,30,Spring,False
203,Accessories,Vintage,Purple,Mid-range,37,Fall,True
204,Jackets,Formal,Yellow,Mid-range,34,Summer,True
205,Shoes,Casual,Yellow,Premium,129,Spring,True
206,Accessories,Casual,Green,Budget,15,Summer,True
207,Dresses,Sporty,Purple,Mid-range,54,Spring,True
208,Pants,Vintage,Red,Premium,136,All-season,True
209,Dresses,Vintage,Gray,Budget,10,Summer,True
210,Pants,Casual,Yellow,Premium,128,Summer,True
211,Dresses,Casual,Yellow,Mid-range,53,Winter,True
212,Pants,Formal,Green,Mid-range,61,Winter,True
213,Pants,Bohemian,Purple,Mid-range,41,Fall,True
214,Dresses,Formal,Red,Budget,28,Fall,False
215,Shirts,Formal,Pink,Premium,151,Fall,True
216,Pants,Bohemian,Green,Mid-range,60,Spring,True
217,Shoes,Casual,Yellow,Mid-range,53,Fall,True
218,Dresses,Vintage,Black,Budget,26,Spring,True
219,Accessories,Minimalist,Brown,Mid-range,49,Spring,True
220,Accessories,Bohemian,Blue,Mid-range,59,All-season,True
221,Pants,Casual,Brown,Mid-range,50,Winter,True
222,Jackets,Formal,Green,Premium,182,Fall,True
223,Dresses,Minimalist,Black,Budget,14,Winter,True
224,Shoes,Minimalist,Yellow,Budget,23,Winter,True
225,Jackets,Casual,Gray,Budget,23,Winter,True
226,Shoes,Minimalist,Purple,Premium,139,Summer,True
227,Accessories,Vintage,Black,Premium,193,Summer,True
228,Jackets,Casual,Red,Mid-range,33,Spring,False
229,Dresses,Bohemian,Red,Budget,22,All-season,True
230,Shoes,Casual,Pink,Budget,20,All-season,False
231,Dresses,Casual,Brown,Budget,24,Fall,True
232,Pants,Casual,Blue,Budget,24,Spring,True
233,Jackets,Bohemian,Purple,Mid-range,49,All-season,True
234,Jackets,Vintage,Green,Mid-range,67,Summer,True
235,Shoes,Bohemian,Purple,Mid-range,47,Winter,True
236,Shoes,Minimalist,Pink,Budget,10,Fall,True
237,Dresses,Bohemian,White,Mid-range,46,All-season,True
238,Pants,Bohemian,White,Mid-range,71,All-season,True
239,Dresses,Minimalist,Green,Budget,22,Winter,False
240,Pants,Bohemian,Brown,Premium,166,Summer,False
241,Accessories,Bohemian,Blue,Budget,10,Fall,True
242,Shoes,Casual,Pink,Budget,28,Winter,True
243,Jackets,Sporty,White,Budget,14,Summer,True
244,Dresses,Casual,Blue,Budget,27,Summer,True
245,Shirts,Formal,Red,Mid-range,34,Summer,True
246,Jackets,Casual,Green,Mid-range,56,Winter,True
247,Pants,Formal,Red,Mid-range,44,Summer,True
248,Pants,Casual,Yellow,Budget,27,Spring,True
249,Dresses,Formal,Green,Mid-range,32,Spring,True
250,Accessories,Formal,Gray,Premium,167,Fall,True
251,Shoes,Bohemian,Gray,Mid-range,35,Summer,True
252,Accessories,Minimalist,Gray,Budget,19,Fall,True
253,Shirts,Sporty,Pink,Mid-range,63,All-season,True
254,Pants,Sporty,Blue,Budget,16,Summer,True
255,Accessories,Bohemian,Pink,Budget,10,Summer,True
256,Shoes,Minimalist,Yellow,Budget,16,Winter,True
257,Dresses,Casual,Green,Budget,12,Fall,True
258,Shoes,Casual,Red,Budget,28,All-season,True
259,Pants,Vintage,Pink,Budget,14,Fall,False
260,Pants,Vintage,Purple,Budget,26,Summer,True
261,Shoes,Formal,Green,Mid-range,64,Spring,False
262,Accessories,Bohemian,Green,Budget,17,Winter,True
263,Pants,Bohemian,Purple,Mid-range,71,All-season,True
264,Pants,Vintage,White,Budget,18,Summer,True
265,Dresses,Casual,Purple,Budget,23,Summer,True
266,Dresses,Casual,Yellow,Mid-range,48,All-season,True
267,Dresses,Formal,Yellow,Budget,11,Winter,True
268,Jackets,Formal,Pink,Mid-range,33,Spring,False
269,Jackets,Bohemian,Blue,Mid-range,47,Fall,True
270,Shirts,Vintage,Blue,Budget,27,All-season,True
271,Dresses,Sporty,Red,Budget,10,Spring,True
272,Jackets,Sporty,Purple,Premium,93,Winter,True
273,Pants,Bohemian,White,Budget,26,Summer,True
274,Accessories,Minimalist,Green,Mid-range,36,Winter,True
275,Jackets,Minimalist,Gray,Mid-range,34,All-season,False
276,Shirts,Formal,Yellow,Budget,13,Winter,True
277,Jackets,Minimalist,Green,Mid-range,47,Fall,True
278,Dresses,Minimalist,Purple,Mid-range,41,Winter,True
279,Accessories,Formal,Yellow,Mid-range,42,Spring,False
280,Accessories,Formal,Red,Budget,21,Fall,True
281,Jackets,Vintage,Gray,Budget,26,Spring,True
282,Shirts,Vintage,Pink,Mid-range,70,Summer,True
283,Shoes,Bohemian,Red,Budget,17,Summer,True
284,Pants,Casual,Green,Mid-range,48,Summer,True
285,Jackets,Bohemian,Red,Budget,21,Spring,True
286,Accessories,Casual,White,Mid-range,65,All-season,True
287,Shirts,Casual,Brown,Budget,22,Summer,True
288,Shirts,Minimalist,Red,Mid-range,30,Winter,True
289,Dresses,Sporty,Black,Mid-range,59,Winter,True
290,Shirts,Sporty,Brown,Mid-range,36,Summer,True
291,Pants,Vintage,Brown,Budget,23,Summer,True
292,Dresses,Formal,Green,Mid-range,41,Spring,True
293,Jackets,Formal,Red,Mid-range,58,Summer,True
294,Shoes,Vintage,Red,Premium,137,Winter,True
295,Shirts,Formal,Purple,Budget,10,All-season,False
296,Accessories,Sporty,Black,Mid-range,70,Fall,True
297,Shoes,Sporty,Gray,Mid-range,41,Winter,True
298,Shirts,Casual,Pink,Mid-range,79,Winter,True
299,Shoes,Formal,Green,Mid-range,75,All-season,True
300,Accessories,Minimalist,Green,Premium,112,Spring,True
301,Pants,Minimalist,Pink,Budget,23,All-season,True
302,Accessories,Bohemian,Purple,Mid-range,47,Spring,True
303,Shoes,Formal,Pink,Budget,20,Spring,True
304,Shoes,Casual,Purple,Mid-range,51,All-season,True
305,Dresses,Bohemian,Gray,Budget,16,All-season,True
306,Pants,Vintage,White,Mid-range,45,All-season,True
307,Shirts,Formal,Brown,Budget,13,Spring,True
308,Dresses,Sporty,Green,Premium,111,Fall,True
309,Shoes,Sporty,Red,Budget,26,Fall,True
310,Pants,Formal,Yellow,Premium,94,Summer,True
311,Accessories,Bohemian,Black,Mid-range,56,Fall,True
312,Pants,Casual,Brown,Mid-range,65,Winter,True
313,Pants,Sporty,Pink,Budget,22,All-season,True
314,Jackets,Bohemian,Purple,Premium,92,Winter,True
315,Accessories,Sporty,Yellow,Premium,129,Summer,True
316,Shoes,Formal,Blue,Budget,29,Summer,True
317,Jackets,Vintage,Gray,Mid-range,52,All-season,True
318,Dresses,Bohemian,White,Mid-range,35,Summer,True
319,Shoes,Sporty,Green,Mid-range,68,Summer,True
320,Accessories,Formal,Gray,Premium,81,Spring,True
321,Jackets,Formal,Blue,Budget,28,Winter,True
322,Jackets,Minimalist,Pink,Premium,197,Fall,True
323,Shoes,Minimalist,Pink,Mid-range,59,Spring,True
324,Accessories,Minimalist,Black,Premium,103,Spring,False
325,Accessories,Bohemian,Purple,Mid-range,61,Winter,True
326,Shoes,Vintage,Blue,Premium,152,Spring,True
327,Jackets,Casual,Yellow,Mid-range,37,Fall,True
328,Dresses,Minimalist,Purple,Budget,23,Summer,True
329,Jackets,Formal,Brown,Budget,21,Fall,True
330,Shirts,Bohemian,Black,Premium,81,All-season,False
331,Pants,Sporty,Blue,Premium,176,Winter,True
332,Shoes,Bohemian,Black,Budget,12,Summer,True
333,Dresses,Vintage,Purple,Budget,16,Winter,True
334,Shirts,Bohemian,Red,Mid-range,66,Winter,True
335,Pants,Formal,Yellow,Mid-range,46,All-season,True
336,Jackets,Bohemian,White,Budget,24,All-season,True
337,Shoes,Sporty,Red,Mid-range,76,Fall,False
338,Pants,Minimalist,Yellow,Budget,28,Winter,True
339,Dresses,Casual,White,Mid-range,54,Winter,True
340,Shoes,Minimalist,Yellow,Mid-range,47,Winter,True
341,Shirts,Sporty,Brown,Premium,131,Spring,True
342,Shirts,Casual,Black,Budget,27,Winter,True
343,Accessories,Casual,Yellow,Mid-range,76,Winter,True
344,Dresses,Vintage,White,Budget,26,All-season,True
345,Dresses,Casual,White,Budget,27,Fall,True
346,Jackets,Vintage,White,Budget,16,Fall,True
347,Accessories,Minimalist,Purple,Premium,135,Spring,True
348,Pants,Casual,Pink,Mid-range,65,Winter,True
349,Shoes,Sporty,Purple,Budget,16,Summer,True
350,Accessories,Sporty,Red,Mid-range,79,Fall,True
351,Jackets,Sporty,Green,Premium,94,All-season,True
352,Jackets,Sporty,Green,Budget,25,Fall,False
353,Shirts,Vintage,Red,Premium,161,Winter,True
354,Shoes,Vintage,Purple,Budget,29,Spring,True
355,Shoes,Casual,White,Budget,18,Spring,True
356,Shoes,Vintage,Green,Mid-range,36,Summer,True
357,Shoes,Formal,Blue,Mid-range,39,Winter,True
358,Shoes,Sporty,Blue,Premium,115,Spring,True
359,Pants,Bohemian,Black,Budget,17,Winter,True
360,Dresses,Sporty,Green,Premium,106,Fall,True
361,Pants,Vintage,Blue,Budget,28,Summer,True
362,Jackets,Casual,Purple,Mid-range,68,All-season,True
363,Shirts,Minimalist,Purple,Premium,173,All-season,False
364,Accessories,Minimalist,Green,Budget,27,Summer,True
365,Accessories,Bohemian,Purple,Budget,11,Spring,True
366,Pants,Bohemian,Black,Budget,29,All-season,True
367,Dresses,Vintage,Blue,Mid-range,74,Winter,True
368,Pants,Casual,Brown,Budget,21,Summer,True
369,Jackets,Vintage,Red,Mid-range,54,Spring,True
370,Accessories,Vintage,Brown,Budget,27,All-season,True
371,Accessories,Sporty,Gray,Premium,88,Summer,True
372,Shoes,Minimalist,Pink,Budget,13,All-season,True
373,Shirts,Bohemian,Black,Premium,99,Fall,False
374,Accessories,Casual,Gray,Budget,19,Fall,False
375,Accessories,Casual,Gray,Mid-range,78,Summer,True
376,Shoes,Sporty,Gray,Premium,134,Spring,True
377,Shirts,Bohemian,Black,Budget,14,Winter,True
378,Shoes,Vintage,Yellow,Premium,91,Summer,True
379,Jackets,Casual,Yellow,Budget,24,Fall,True
380,Dresses,Minimalist,Yellow,Budget,23,Spring,False
381,Jackets,Bohemian,Gray,Mid-range,47,Spring,False
382,Shirts,Bohemian,Purple,Premium,103,Summer,True
383,Accessories,Casual,Pink,Mid-range,78,Spring,True
384,Jackets,Formal,Gray,Premium,158,Winter,True
385,Shoes,Sporty,Gray,Budget,11,Fall,True
386,Shirts,Formal,Yellow,Mid-range,52,Summer,True
387,Shoes,Casual,Gray,Premium,192,Summer,True
388,Shoes,Formal,Purple,Mid-range,31,Winter,True
389,Jackets,Vintage,Purple,Mid-range,54,Fall,True
390,Shoes,Formal,Purple,Budget,13,Fall,False
391,Shirts,Casual,Yellow,Mid-range,57,Winter,True
392,Jackets,Bohemian,Black,Mid-range,44,Winter,False
393,Dresses,Minimalist,White,Mid-range,55,Fall,True
394,Shirts,Vintage,Gray,Budget,18,Fall,True
395,Dresses,Minimalist,Green,Premium,139,Winter,True
396,Accessories,Casual,Green,Mid-range,37,Winter,True
397,Pants,Vintage,Brown,Budget,17,Spring,False
398,Shirts,Vintage,Black,Premium,174,Summer,True
399,Shoes,Vintage,White,Budget,18,Winter,False
400,Shirts,Sporty,Red,Premium,115,All-season,True
401,Pants,Sporty,Yellow,Budget,15,Fall,True
402,Shoes,Bohemian,Brown,Budget,29,Fall,True
403,Pants,Sporty,Green,Budget,22,Spring,True
404,Accessories,Formal,Yellow,Budget,16,Summer,True
405,Accessories,Formal,Yellow,Mid-range,35,Summer,True
406,Shoes,Vintage,Pink,Budget,23,Spring,True
407,Shoes,Formal,Pink,Budget,16,Spring,True
408,Pants,Formal,Yellow,Budget,18,All-season,True
409,Accessories,Bohemian,Green,Premium,118,Fall,True
410,Shirts,Vintage,White,Mid-range,76,Spring,True
411,Dresses,Minimalist,Gray,Budget,28,Fall,False
412,Shirts,Vintage,Black,Mid-range,58,Fall,True
413,Shirts,Vintage,Purple,Budget,19,Winter,True
414,Pants,Formal,Gray,Budget,26,Winter,True
415,Dresses,Minimalist,Gray,Mid-range,74,Fall,True
416,Jackets,Vintage,Yellow,Mid-range,52,Winter,True
417,Accessories,Casual,Pink,Mid-range,54,Summer,True
418,Accessories,Casual,Pink,Budget,14,Spring,True
419,Jackets,Bohemian,Gray,Premium,94,Fall,True
420,Dresses,Bohemian,White,Premium,141,Winter,True
421,Shoes,Bohemian,Yellow,Mid-range,67,Summer,True
422,Shoes,Sporty,Green,Budget,28,Summer,True
423,Accessories,Sporty,Yellow,Premium,191,Winter,True
424,Shirts,Casual,Gray,Mid-range,50,Spring,True
425,Accessories,Minimalist,Red,Mid-range,52,Fall,True
426,Jackets,Sporty,Pink,Budget,11,Spring,True
427,Pants,Sporty,Purple,Premium,137,All-season,False
428,Jackets,Casual,Yellow,Mid-range,31,Summer,True
429,Shoes,Formal,Purple,Budget,23,Fall,False
430,Shoes,Sporty,Yellow,Premium,112,Winter,False
431,Shirts,Formal,Black,Mid-range,66,Summer,True
432,Accessories,Minimalist,Blue,Premium,182,Winter,True
433,Dresses,Formal,Brown,Mid-range,42,Fall,True
434,Shoes,Sporty,Red,Budget,13,All-season,True
435,Shirts,Minimalist,Black,Premium,158,Summer,True
436,Shoes,Minimalist,Pink,Mid-range,48,Fall,False
437,Accessories,Vintage,Red,Budget,13,Winter,True
438,Shirts,Vintage,Red,Budget,17,Winter,False
439,Pants,Casual,Yellow,Mid-range,41,Summer,True
440,Accessories,Bohemian,White,Budget,18,Fall,True
441,Jackets,Vintage,Black,Mid-range,30,Spring,False
442,Jackets,Minimalist,White,Mid-range,41,Fall,True
443,Dresses,Bohemian,White,Budget,19,Spring,True
444,Accessories,Sporty,Red,Mid-range,53,Summer,True
445,Shoes,Formal,Gray,Budget,23,Summer,True
446,Dresses,Casual,Pink,Budget,18,Spring,True
447,Accessories,Casual,Red,Budget,17,Winter,True
448,Jackets,Sporty,Pink,Premium,149,Spring,True
449,Accessories,Minimalist,Black,Mid-range,51,Summer,True
450,Shirts,Bohemian,White,Budget,19,Summer,False
451,Shoes,Bohemian,Green,Budget,23,Spring,True
452,Jackets,Formal,Blue,Budget,16,All-season,True
453,Shoes,Formal,Blue,Mid-range,69,Summer,True
454,Dresses,Casual,Yellow,Budget,23,Spring,True
455,Pants,Minimalist,Gray,Budget,29,Summer,True
456,Pants,Bohemian,Purple,Mid-range,62,Winter,True
457,Accessories,Formal,Pink,Mid-range,54,Spring,True
458,Dresses,Sporty,Blue,Mid-range,42,Fall,True
459,Pants,Bohemian,Purple,Mid-range,73,Winter,True
460,Shirts,Bohemian,Brown,Budget,19,Summer,True
461,Accessories,Casual,Black,Mid-range,75,Fall,True
462,Shirts,Minimalist,Purple,Premium,184,All-season,True
463,Jackets,Casual,Black,Budget,15,Summer,True
464,Shirts,Minimalist,Green,Mid-range,41,Fall,True
465,Shoes,Bohemian,Red,Mid-range,71,Summer,True
466,Dresses,Casual,Brown,Mid-range,75,Spring,True
467,Accessories,Formal,Yellow,Mid-range,38,All-season,True
468,Dresses,Casual,Green,Budget,16,Winter,True
469,Shirts,Minimalist,Gray,Mid-range,61,Fall,False
470,Pants,Sporty,Blue,Budget,15,Fall,True
471,Accessories,Vintage,Gray,Budget,12,All-season,True
472,Dresses,Vintage,Green,Budget,29,Summer,True
473,Pants,Vintage,Red,Budget,18,Summer,True
474,Jackets,Casual,Brown,Budget,28,All-season,True
475,Accessories,Bohemian,White,Mid-range,43,Spring,True
476,Shoes,Minimalist,Green,Mid-range,37,Summer,True
477,Pants,Casual,Blue,Mid-range,51,Winter,True
478,Pants,Formal,White,Premium,110,Summer,True
479,Shoes,Bohemian,Purple,Mid-range,58,Fall,True
480,Shoes,Sporty,Blue,Mid-range,63,Spring,True
481,Shirts,Formal,Brown,Budget,27,All-season,True
482,Pants,Formal,White,Mid-range,46,Winter,True
483,Accessories,Bohemian,Blue,Mid-range,73,Fall,True
484,Jackets,Bohemian,Blue,Mid-range,64,Winter,True
485,Jackets,Vintage,Blue,Budget,13,Spring,True
486,Shoes,Formal,White,Premium,197,Winter,True
487,Shirts,Formal,White,Budget,28,Spring,True
488,Jackets,Sporty,Red,Mid-range,34,Spring,True
489,Accessories,Bohemian,Pink,Budget,23,Winter,True
490,Shoes,Formal,Blue,Budget,27,Summer,True
491,Pants,Sporty,White,Mid-range,47,Winter,True
492,Jackets,Casual,White,Premium,185,Spring,True
493,Dresses,Sporty,Red,Budget,17,Fall,True
494,Accessories,Formal,Green,Mid-range,77,Summer,True
495,Accessories,Formal,Green,Mid-range,40,Summer,False
496,Pants,Vintage,White,Budget,24,Fall,False
497,Jackets,Minimalist,Brown,Budget,20,Fall,True
498,Dresses,Bohemian,Gray,Mid-range,63,Winter,True
499,Accessories,Vintage,Green,Mid-range,40,Summer,False
500,Shoes,Sporty,Gray,Budget,26,Fall,True
